Instructor,1
Teaching Assistants,1
Weekly Office Hours,1
Integrity,0
Prerequisites,1
Requirments,1
Course Information,1
Pedagogy,0
Avaliability,1
Lectures,1
Topics,1
Textbook,1
Recommended,0
Resources,1
Objectives,0
Schedule,1
Deadlines,1
Calendar,1
Exams,1
Assessment,1
Goals,0
Consultation,1
Location,1
Key Dates,1
Curriculum,1
Well-Being,0
Mental Health,0
Disability Services,0
Academic Dishonesty,0
Exclusivity,0
VoiceThread,0
Grading,1
Collaboration,0
Course,1
Student,0
Scale,1
Project,1
Materials,1
Office hours,1
Written,0
Dates,1
Section,1
Professor,1
Important Dates,1
Grading Scale,1
No,0
Stress,0
Anxiety,0
Health,0
Emergency,0
Late,1
Late Days,1
Number,1
